Techstack,Links
AI and ML,https://www.virtusa.com/services/engineer-automate/artificial-intelligence-ai/ai-on-cloud
Application Development,https://www.virtusa.com/services/engineer-automate/application-engineering/application-development
API and Micro-services,https://www.virtusa.com/services/engineer-automate/application-engineering/api-microservices
Frontend Engineering,https://www.virtusa.com/services/engineer-automate/application-engineering/frontend-engineering
cloud,https://www.virtusa.com/services/engineer-automate/cloud/cloud-business-transformation
Data Engineering,https://www.virtusa.com/services/engineer-automate/data-engineering/data-modeling
DEVOPS AND SECOPS,https://virtusa.com/services/engineer-automate/delivery-transformation/enterprise-devsecops
Analytics,https://www.virtusa.com/services/analyze-and-optimize/analytics/mlops
BlockChain,https://www.virtusa.com/services/engineer-automate/emerging-technologies/blockchain
Generative AI,https://www.virtusa.com/services/engineer-automate/artificial-intelligence-ai/generative-ai-services
Salesforce,https://www.virtusa.com/services/engineer-automate/enterprise-platforms/salesforce
PEGA,https://www.virtusa.com/services/engineer-automate/enterprise-platforms/pega-platform-services
SAP,https://www.virtusa.com/services/engineer-automate/enterprise-platforms/sap-services
DesignOps,https://www.virtusa.com/services/consult-and-design/experience-design/design-ops
